{
  "Accuracy": 0.8925925925925926,
  "Precision": 0.8869123252858958,
  "Recall": 0.8914431673052363,
  "F1": 0.889171974522293
}